SalesPersonID;SalesPersonName;OrderDate;OrderVolume
290;Ranjit Varkey Chudukatil;2013-06-30;779610,1816
276;Linda Mitchell;2013-06-30;743422,5282
276;Linda Mitchell;2012-06-30;730316,2437
289;Jae Pak;2012-05-30;712511,2269
276;Linda Mitchell;2013-03-30;692602,6023
290;Ranjit Varkey Chudukatil;2013-09-30;692392,3236
290;Ranjit Varkey Chudukatil;2014-03-31;682535,5331
276;Linda Mitchell;2012-09-30;651370,6419
276;Linda Mitchell;2013-09-30;638507,7049
276;Linda Mitchell;2012-12-31;599293,5713
275;Michael Blythe;2013-07-31;597983,0001
276;Linda Mitchell;2014-03-31;588184,6098
289;Jae Pak;2013-10-30;573886,29
276;Linda Mitchell;2013-12-31;560184,2757
289;Jae Pak;2013-05-30;546585,9575
289;Jae Pak;2012-07-31;533914,4259
290;Ranjit Varkey Chudukatil;2013-12-31;525378,3082
282;José Saraiva;2013-07-31;523711,6009
277;Jillian Carson;2012-03-30;522719,431
277;Jillian Carson;2012-07-31;515390,5113
275;Michael Blythe;2013-06-30;507526,0334
279;Tsvi Reiter;2011-10-01;501283,8305
275;Michael Blythe;2012-06-30;497874,5514
289;Jae Pak;2014-05-01;495918,6194
275;Michael Blythe;2012-09-30;494514,7075
289;Jae Pak;2013-02-28;485284,14
282;José Saraiva;2014-05-01;480379,2344
275;Michael Blythe;2012-05-30;473067,2087
289;Jae Pak;2013-07-31;471413,2253
277;Jillian Carson;2013-07-31;469564,4058
281;Shu Ito;2012-07-31;466815,5758
276;Linda Mitchell;2012-07-31;462230,6484
289;Jae Pak;2012-10-30;460118,609
275;Michael Blythe;2013-09-30;458375,0055
277;Jillian Carson;2012-06-30;457630,1313
276;Linda Mitchell;2012-03-30;452348,1226
277;Jillian Carson;2013-02-28;451289,1097
277;Jillian Carson;2012-05-30;450818,6151
277;Jillian Carson;2011-10-01;446588,9407
289;Jae Pak;2012-08-30;443400,506
276;Linda Mitchell;2011-10-01;438430,5572
289;Jae Pak;2013-08-30;438227,6918
275;Michael Blythe;2012-07-31;433818,0877
277;Jillian Carson;2013-03-30;432087,215
276;Linda Mitchell;2012-01-01;428493,2443
275;Michael Blythe;2013-03-30;423871,7373
279;Tsvi Reiter;2012-03-30;422086,7495
275;Michael Blythe;2014-05-01;417208,4727
289;Jae Pak;2014-03-01;415870,242
275;Michael Blythe;2013-10-30;414825,9592
277;Jillian Carson;2012-09-30;412206,3558
289;Jae Pak;2013-04-30;408455,1484
281;Shu Ito;2013-05-30;402076,9376
289;Jae Pak;2014-01-29;398158,1148
277;Jillian Carson;2012-10-30;395426,5411
277;Jillian Carson;2013-06-30;389142,0583
277;Jillian Carson;2014-05-01;380780,5039
276;Linda Mitchell;2013-07-31;377465,1817
277;Jillian Carson;2012-08-30;375332,1067
289;Jae Pak;2012-06-30;373626,8871
275;Michael Blythe;2013-04-30;368926,7502
278;Garrett Vargas;2012-06-30;368445,1262
289;Jae Pak;2013-01-28;366536,938
277;Jillian Carson;2013-10-30;366115,5929
279;Tsvi Reiter;2012-06-30;360466,3465
277;Jillian Carson;2012-01-01;359936,7481
275;Michael Blythe;2012-08-30;359510,4826
275;Michael Blythe;2013-12-31;358727,8491
275;Michael Blythe;2013-02-28;354812,1413
279;Tsvi Reiter;2012-01-01;351251,7957
276;Linda Mitchell;2013-05-30;350299,8635
282;José Saraiva;2014-01-29;350028,3697
281;Shu Ito;2013-08-30;345532,4456
277;Jillian Carson;2012-12-31;344521,1575
277;Jillian Carson;2011-10-31;340557,7952
279;Tsvi Reiter;2011-07-01;340236,6095
276;Linda Mitchell;2011-10-31;326044,342
276;Linda Mitchell;2013-10-30;325916,9217
280;Pamela Ansman-Wolfe;2011-10-01;325072,2182
276;Linda Mitchell;2014-05-01;319181,3964
289;Jae Pak;2012-09-30;319148,3195
281;Shu Ito;2011-08-01;319050,2938
289;Jae Pak;2013-06-30;317285,1002
281;Shu Ito;2011-10-31;315687,6958
277;Jillian Carson;2014-01-29;313058,0922
277;Jillian Carson;2013-04-30;312218,8159
279;Tsvi Reiter;2013-06-30;310394,313
282;José Saraiva;2013-10-30;309632,6125
281;Shu Ito;2012-10-30;309157,415
277;Jillian Carson;2012-11-30;306511,7641
276;Linda Mitchell;2012-10-30;306392,6293
276;Linda Mitchell;2011-07-01;305145,2225
278;Garrett Vargas;2013-06-30;305021,1942
277;Jillian Carson;2011-07-01;300998,1522
277;Jillian Carson;2012-01-29;300838,9348
281;Shu Ito;2014-03-01;300026,8486
277;Jillian Carson;2012-04-30;299539,2418
281;Shu Ito;2013-07-31;297806,6873
290;Ranjit Varkey Chudukatil;2012-06-30;296577,3836
276;Linda Mitchell;2013-04-30;296552,9305
277;Jillian Carson;2013-05-30;295678,3843
279;Tsvi Reiter;2014-03-31;294745,1404
275;Michael Blythe;2013-01-28;293492,1379
289;Jae Pak;2012-11-30;290244,696
289;Jae Pak;2013-03-30;285087,4175
280;Pamela Ansman-Wolfe;2012-03-30;283914,7827
279;Tsvi Reiter;2011-10-31;283831,7016
281;Shu Ito;2012-06-30;282095,4859
279;Tsvi Reiter;2012-09-30;280696,1073
275;Michael Blythe;2013-05-30;279841,4129
275;Michael Blythe;2014-01-29;279451,2658
275;Michael Blythe;2014-03-31;273730,5071
277;Jillian Carson;2013-08-30;273536,8204
281;Shu Ito;2013-04-30;268179,4688
281;Shu Ito;2012-01-29;267576,5524
276;Linda Mitchell;2014-01-29;266649,0253
289;Jae Pak;2012-12-31;263278,7556
279;Tsvi Reiter;2014-05-01;262264,665
280;Pamela Ansman-Wolfe;2012-06-30;261761,9165
279;Tsvi Reiter;2013-09-30;261050,0646
282;José Saraiva;2012-01-29;260773,2507
276;Linda Mitchell;2014-03-01;260106,3988
281;Shu Ito;2013-10-30;259389,7749
289;Jae Pak;2013-09-30;258966,8088
275;Michael Blythe;2012-11-30;258071,8802
286;Lynn Tsoflias;2014-05-01;255981,9255
282;José Saraiva;2011-10-31;254404,4266
277;Jillian Carson;2013-09-30;253863,5109
278;Garrett Vargas;2012-09-30;252590,3243
275;Michael Blythe;2012-10-30;250787,4411
275;Michael Blythe;2013-08-30;250248,4902
284;Tete Mensa-Annan;2012-09-30;249739,93
287;Amy Alberts;2013-10-30;248770,7281
289;Jae Pak;2014-03-31;248595,2946
281;Shu Ito;2014-05-01;248058,1917
289;Jae Pak;2013-11-30;247156,6762
284;Tete Mensa-Annan;2013-03-30;246641,9791
281;Shu Ito;2012-09-30;242687,8094
278;Garrett Vargas;2013-03-30;241619,3608
277;Jillian Carson;2014-03-01;241186,0668
279;Tsvi Reiter;2012-12-31;239798,2031
279;Tsvi Reiter;2013-03-30;239440,1195
281;Shu Ito;2013-11-30;239175,5109
279;Tsvi Reiter;2013-07-31;238971,0752
282;José Saraiva;2012-03-30;238755,5869
277;Jillian Carson;2014-03-31;236571,7477
276;Linda Mitchell;2013-08-30;235015,6866
282;José Saraiva;2012-07-31;234853,8901
289;Jae Pak;2013-12-31;231453,8572
276;Linda Mitchell;2012-01-29;230907,3846
284;Tete Mensa-Annan;2014-03-31;229301,0586
278;Garrett Vargas;2013-09-30;229035,305
278;Garrett Vargas;2013-10-30;228094,9664
286;Lynn Tsoflias;2014-01-29;225813,4757
283;David Campbell;2012-05-30;225187,9858
282;José Saraiva;2011-08-31;224646,6698
282;José Saraiva;2014-03-31;223118,1934
290;Ranjit Varkey Chudukatil;2013-07-31;222307,1544
278;Garrett Vargas;2011-10-01;221767,3177
275;Michael Blythe;2014-03-01;221438,2289
288;Rachel Valdez;2013-06-30;219582,7017
282;José Saraiva;2013-06-30;219161,3485
281;Shu Ito;2013-03-30;218782,5536
288;Rachel Valdez;2013-08-30;218387,955
288;Rachel Valdez;2014-03-31;217711,1441
275;Michael Blythe;2012-12-31;217615,5345
280;Pamela Ansman-Wolfe;2012-01-01;214074,8031
281;Shu Ito;2014-01-29;213716,4831
282;José Saraiva;2012-02-29;212778,7334
279;Tsvi Reiter;2013-12-31;212318,5784
290;Ranjit Varkey Chudukatil;2013-03-30;211941,0798
288;Rachel Valdez;2013-09-30;210887,0908
281;Shu Ito;2013-01-28;209980,6225
277;Jillian Carson;2013-01-28;209561,0844
286;Lynn Tsoflias;2013-10-30;209119,3636
280;Pamela Ansman-Wolfe;2013-07-31;208899,1358
279;Tsvi Reiter;2013-10-30;208356,1215
282;José Saraiva;2011-10-01;208320,8942
283;David Campbell;2013-06-30;207933,8855
276;Linda Mitchell;2011-08-01;205684,0069
279;Tsvi Reiter;2014-01-29;204843,938
290;Ranjit Varkey Chudukatil;2012-09-30;203415,7094
288;Rachel Valdez;2013-05-30;203175,7819
280;Pamela Ansman-Wolfe;2013-10-30;201672,8815
278;Garrett Vargas;2013-07-31;200569,4765
279;Tsvi Reiter;2012-05-30;198957,6059
283;David Campbell;2013-07-31;198229,2956
284;Tete Mensa-Annan;2012-12-31;197756,974
278;Garrett Vargas;2014-03-31;196641,629
279;Tsvi Reiter;2012-07-31;196195,2103
275;Michael Blythe;2011-10-01;195779,9877
278;Garrett Vargas;2012-03-30;194412,6572
279;Tsvi Reiter;2013-02-28;194263,1732
275;Michael Blythe;2012-03-30;194203,9157
283;David Campbell;2013-05-30;193962,2588
279;Tsvi Reiter;2013-05-30;192430,7914
284;Tete Mensa-Annan;2013-07-31;191838,0946
282;José Saraiva;2013-09-30;191209,0561
281;Shu Ito;2012-05-30;190534,6328
277;Jillian Carson;2013-12-31;188678,9924
279;Tsvi Reiter;2012-01-29;188639,7913
282;José Saraiva;2012-10-30;186986,1932
277;Jillian Carson;2013-11-30;186244,3727
275;Michael Blythe;2011-10-31;186200,4877
276;Linda Mitchell;2013-01-28;185239,448
290;Ranjit Varkey Chudukatil;2012-07-31;184477,7563
282;José Saraiva;2012-01-01;183980,9553
284;Tete Mensa-Annan;2013-12-31;183258,2612
282;José Saraiva;2011-08-01;182343,3114
275;Michael Blythe;2013-11-30;182311,684
288;Rachel Valdez;2014-03-01;181827,6276
282;José Saraiva;2011-07-01;180684,8446
278;Garrett Vargas;2011-07-01;176300,293
283;David Campbell;2012-08-30;176180,425
286;Lynn Tsoflias;2013-07-31;175868,8425
275;Michael Blythe;2012-01-01;175477,2962
281;Shu Ito;2012-12-31;174948,9047
283;David Campbell;2013-02-28;174776,7018
280;Pamela Ansman-Wolfe;2014-03-01;174442,3624
279;Tsvi Reiter;2012-02-29;173257,8207
279;Tsvi Reiter;2013-08-30;172507,6729
280;Pamela Ansman-Wolfe;2011-07-01;172367,993
282;José Saraiva;2013-05-30;172285,5104
280;Pamela Ansman-Wolfe;2014-05-01;170556,7058
284;Tete Mensa-Annan;2014-01-29;170199,781
279;Tsvi Reiter;2012-10-30;169045,2577
279;Tsvi Reiter;2013-04-30;167783,0347
288;Rachel Valdez;2013-12-31;166924,1121
278;Garrett Vargas;2014-05-01;163799,4776
283;David Campbell;2013-10-30;162868,4122
283;David Campbell;2012-06-30;162798,0678
279;Tsvi Reiter;2012-08-30;162770,6022
275;Michael Blythe;2012-02-29;161895,3204
283;David Campbell;2012-09-30;161753,3461
284;Tete Mensa-Annan;2014-05-01;161583,9855
280;Pamela Ansman-Wolfe;2014-01-29;160170,365
283;David Campbell;2014-05-01;159928,171
277;Jillian Carson;2011-08-01;158997,3466
279;Tsvi Reiter;2011-12-01;158308,03
290;Ranjit Varkey Chudukatil;2013-10-30;157216,5792
279;Tsvi Reiter;2011-08-31;156777,0097
279;Tsvi Reiter;2011-08-01;155626,0559
286;Lynn Tsoflias;2013-06-30;154113,7745
282;José Saraiva;2012-09-30;153943,3577
282;José Saraiva;2011-12-01;153249,5669
288;Rachel Valdez;2014-05-01;152878,6075
275;Michael Blythe;2011-08-01;149154,3624
281;Shu Ito;2011-10-01;147989,9498
281;Shu Ito;2013-06-30;145986,5159
274;Stephen Jiang;2013-06-30;145937,5748
275;Michael Blythe;2012-04-30;145312,1387
283;David Campbell;2014-03-01;144582,5551
288;Rachel Valdez;2013-07-31;144562,8268
275;Michael Blythe;2012-01-29;144149,7446
284;Tete Mensa-Annan;2013-10-30;143413,3847
276;Linda Mitchell;2012-04-30;143315,4913
281;Shu Ito;2012-04-30;142098,2961
283;David Campbell;2012-01-01;141952,1969
279;Tsvi Reiter;2013-01-28;141854,0879
284;Tete Mensa-Annan;2013-06-30;140998,2115
275;Michael Blythe;2011-12-01;139717,8525
279;Tsvi Reiter;2012-11-30;138541,8433
279;Tsvi Reiter;2012-04-30;137043,1447
286;Lynn Tsoflias;2013-09-30;136673,6703
284;Tete Mensa-Annan;2013-09-30;136653,0584
282;José Saraiva;2012-12-31;136546,0676
278;Garrett Vargas;2012-12-31;135178,1158
282;José Saraiva;2012-04-30;134786,6017
290;Ranjit Varkey Chudukatil;2014-05-01;134318,8596
288;Rachel Valdez;2013-11-30;133413,9439
283;David Campbell;2013-08-30;132620,4337
276;Linda Mitchell;2013-11-30;132484,8575
278;Garrett Vargas;2013-12-31;131870,9606
282;José Saraiva;2013-08-30;130665,2939
283;David Campbell;2012-03-30;130518,5044
282;José Saraiva;2013-01-28;130467,5754
290;Ranjit Varkey Chudukatil;2012-12-31;127768,1242
279;Tsvi Reiter;2013-11-30;127674,1708
278;Garrett Vargas;2012-01-01;127534,7484
285;Syed Abbas;2013-07-31;127339,0863
280;Pamela Ansman-Wolfe;2013-05-30;127217,4235
280;Pamela Ansman-Wolfe;2013-11-30;126604,9412
280;Pamela Ansman-Wolfe;2013-08-30;126155,8791
276;Linda Mitchell;2012-05-30;125551,9722
283;David Campbell;2011-10-01;125277,4644
283;David Campbell;2012-11-30;125169,4445
278;Garrett Vargas;2014-01-29;125032,8077
279;Tsvi Reiter;2014-03-01;124785,4142
277;Jillian Carson;2012-02-29;124779,3038
282;José Saraiva;2013-12-31;124739,4479
283;David Campbell;2014-03-31;124727,0549
282;José Saraiva;2014-03-01;123812,6035
283;David Campbell;2014-01-29;123545,7709
282;José Saraiva;2012-06-30;122911,6909
275;Michael Blythe;2011-07-01;122246,7487
275;Michael Blythe;2011-08-31;121405,8075
287;Amy Alberts;2013-06-30;120741,9779
283;David Campbell;2011-08-31;120316,1843
283;David Campbell;2013-03-30;120184,9432
283;David Campbell;2013-09-30;119887,3848
282;José Saraiva;2011-05-31;119678,9211
279;Tsvi Reiter;2011-05-31;117577,60
281;Shu Ito;2012-03-30;116559,8726
284;Tete Mensa-Annan;2014-03-01;115959,954
281;Shu Ito;2014-03-31;114431,006
283;David Campbell;2013-11-30;113234,9516
284;Tete Mensa-Annan;2013-05-30;112717,697
281;Shu Ito;2013-09-30;112607,6434
286;Lynn Tsoflias;2014-03-31;111522,358
276;Linda Mitchell;2012-08-30;111432,9809
280;Pamela Ansman-Wolfe;2012-05-30;111359,9866
281;Shu Ito;2011-08-31;111337,9755
274;Stephen Jiang;2014-03-31;110623,7157
288;Rachel Valdez;2013-10-30;110559,5324
284;Tete Mensa-Annan;2013-08-30;110385,3223
290;Ranjit Varkey Chudukatil;2012-05-30;109936,0248
280;Pamela Ansman-Wolfe;2012-07-31;109883,4421
274;Stephen Jiang;2012-12-31;109577,2946
281;Shu Ito;2012-08-30;106991,046
281;Shu Ito;2012-11-30;106908,5315
NULL;Unknown;2014-05-14;106755,8316
283;David Campbell;2012-12-31;105932,6446
283;David Campbell;2011-12-01;105195,9842
277;Jillian Carson;2011-08-31;105142,5703
283;David Campbell;2012-02-29;103311,6478
281;Shu Ito;2012-02-29;103014,0896
274;Stephen Jiang;2013-09-30;102227,2339
278;Garrett Vargas;2012-07-31;100830,4313
276;Linda Mitchell;2013-02-28;99525,8324
290;Ranjit Varkey Chudukatil;2014-01-29;99450,261
274;Stephen Jiang;2013-07-31;99357,9334
290;Ranjit Varkey Chudukatil;2012-10-30;99126,1407
281;Shu Ito;2013-02-28;99028,6661
NULL;Unknown;2014-05-07;98452,651
290;Ranjit Varkey Chudukatil;2013-04-30;98066,9382
281;Shu Ito;2013-12-31;96693,7477
278;Garrett Vargas;2012-01-29;96250,5625
283;David Campbell;2011-10-31;95876,0051
283;David Campbell;2013-12-31;94235,7481
280;Pamela Ansman-Wolfe;2012-08-30;93297,4745
NULL;Unknown;2014-05-21;91847,0054
NULL;Unknown;2014-05-06;91547,3404
282;José Saraiva;2012-05-30;91280,8868
NULL;Unknown;2014-03-31;91083,3619
278;Garrett Vargas;2012-10-30;90921,5442
278;Garrett Vargas;2013-04-30;90910,6598
NULL;Unknown;2014-03-27;90870,8702
282;José Saraiva;2013-11-30;90679,8521
288;Rachel Valdez;2014-01-29;90405,9251
281;Shu Ito;2011-12-01;90189,2276
274;Stephen Jiang;2012-10-30;90167,3302
NULL;Unknown;2014-01-19;90106,6639
282;José Saraiva;2013-04-30;89217,9712
281;Shu Ito;2012-01-01;88832,17
NULL;Unknown;2014-05-11;88227,821
NULL;Unknown;2014-04-19;87368,2303
NULL;Unknown;2014-05-28;87191,7845
NULL;Unknown;2013-11-05;85482,0729
NULL;Unknown;2014-05-25;84990,6457
NULL;Unknown;2014-02-09;84942,8318
286;Lynn Tsoflias;2013-12-31;84625,899
284;Tete Mensa-Annan;2013-11-30;83073,5081
287;Amy Alberts;2012-06-30;83032,3396
276;Linda Mitchell;2012-11-30;82969,5951
NULL;Unknown;2014-04-30;81827,4948
280;Pamela Ansman-Wolfe;2012-11-30;80677,6209
NULL;Unknown;2013-11-04;79975,9901
274;Stephen Jiang;2013-11-30;79835,0276
NULL;Unknown;2014-05-19;79574,5216
280;Pamela Ansman-Wolfe;2011-10-31;78461,0295
NULL;Unknown;2014-05-17;78455,444
283;David Campbell;2011-05-31;78223,3018
NULL;Unknown;2014-04-04;78094,8822
282;José Saraiva;2013-03-30;77710,9698
NULL;Unknown;2014-04-06;77581,7535
NULL;Unknown;2014-01-06;77507,6299
283;David Campbell;2011-08-01;77431,389
278;Garrett Vargas;2013-01-28;77380,2808
NULL;Unknown;2013-11-10;77032,3033
NULL;Unknown;2014-01-29;76931,4275
NULL;Unknown;2014-04-15;76845,0166
NULL;Unknown;2014-05-26;76834,6736
NULL;Unknown;2014-03-19;76549,1422
NULL;Unknown;2014-04-08;76332,5401
NULL;Unknown;2013-12-23;76212,8021
NULL;Unknown;2013-11-18;75094,3433
NULL;Unknown;2014-04-20;75043,5461
NULL;Unknown;2014-03-18;74389,2868
NULL;Unknown;2014-05-20;74339,396
NULL;Unknown;2013-11-16;74122,0313
NULL;Unknown;2014-05-22;73780,1774
NULL;Unknown;2014-01-07;73398,2012
283;David Campbell;2011-07-01;73343,3652
NULL;Unknown;2014-05-05;73247,8664
NULL;Unknown;2014-03-23;72979,2628
NULL;Unknown;2014-05-24;72844,0219
NULL;Unknown;2014-04-23;72575,8601
NULL;Unknown;2014-05-15;72448,6416
NULL;Unknown;2014-01-14;72438,509
277;Jillian Carson;2011-12-01;72286,8021
NULL;Unknown;2014-03-03;72242,1619
283;David Campbell;2012-01-29;71890,6336
275;Michael Blythe;2011-05-31;71792,8437
NULL;Unknown;2014-04-24;71654,8093
282;José Saraiva;2012-08-30;71317,1601
NULL;Unknown;2014-04-28;71058,2311
NULL;Unknown;2013-11-19;70582,0423
NULL;Unknown;2014-03-28;70532,749
NULL;Unknown;2013-11-17;70444,3594
NULL;Unknown;2014-04-14;70443,8293
NULL;Unknown;2014-05-09;70150,0537
NULL;Unknown;2013-10-30;69673,1133
NULL;Unknown;2014-04-18;69553,4533
NULL;Unknown;2013-11-01;69543,6847
NULL;Unknown;2014-03-06;69401,195
280;Pamela Ansman-Wolfe;2013-06-30;68951,9035
274;Stephen Jiang;2012-01-01;68918,2404
NULL;Unknown;2014-05-08;68716,6366
NULL;Unknown;2014-02-24;68328,2849
NULL;Unknown;2014-04-22;67968,4187
290;Ranjit Varkey Chudukatil;2013-01-28;67417,4183
NULL;Unknown;2013-10-23;67410,2504
NULL;Unknown;2014-05-29;67360,5588
281;Shu Ito;2011-05-31;67231,7169
NULL;Unknown;2013-11-24;67062,0652
NULL;Unknown;2014-01-16;67012,6271
NULL;Unknown;2014-04-02;66930,791
286;Lynn Tsoflias;2013-11-30;66926,2488
NULL;Unknown;2014-04-11;66722,0012
NULL;Unknown;2013-11-12;66662,2207
NULL;Unknown;2014-04-10;66586,1744
280;Pamela Ansman-Wolfe;2012-04-30;66414,6274
NULL;Unknown;2014-04-13;66313,6375
NULL;Unknown;2014-04-27;66232,6517
286;Lynn Tsoflias;2014-03-01;66230,3719
NULL;Unknown;2014-04-21;66209,6013
NULL;Unknown;2013-11-28;65916,7325
NULL;Unknown;2014-03-01;65894,0909
NULL;Unknown;2013-12-19;65836,1451
NULL;Unknown;2014-01-27;65820,7409
NULL;Unknown;2014-01-23;65766,5624
NULL;Unknown;2013-11-11;65362,6308
NULL;Unknown;2014-03-04;65238,1296
NULL;Unknown;2014-02-10;65161,7634
280;Pamela Ansman-Wolfe;2011-08-31;65037,6996
NULL;Unknown;2014-02-06;64797,9863
NULL;Unknown;2014-05-03;64674,1046
NULL;Unknown;2013-11-29;64668,0825
NULL;Unknown;2014-05-16;64602,7655
NULL;Unknown;2014-04-07;64574,1133
NULL;Unknown;2013-10-21;64535,2725
NULL;Unknown;2014-05-10;64426,761
280;Pamela Ansman-Wolfe;2014-03-31;64195,7045
NULL;Unknown;2014-05-18;64186,6779
NULL;Unknown;2014-05-27;64179,2636
290;Ranjit Varkey Chudukatil;2013-02-28;64081,9396
NULL;Unknown;2013-12-31;63896,693
NULL;Unknown;2013-08-18;63879,8194
NULL;Unknown;2013-11-09;63857,9737
NULL;Unknown;2014-05-13;63782,6567
NULL;Unknown;2013-11-13;63714,5006
NULL;Unknown;2014-01-17;63692,7763
NULL;Unknown;2014-02-16;63485,9756
NULL;Unknown;2014-02-02;63469,9418
NULL;Unknown;2014-02-15;63426,9792
NULL;Unknown;2014-03-24;63424,0734
274;Stephen Jiang;2012-08-30;63321,2099
NULL;Unknown;2014-04-03;63165,5147
NULL;Unknown;2014-01-02;62955,642
290;Ranjit Varkey Chudukatil;2012-08-30;62792,5455
274;Stephen Jiang;2012-06-30;62640,2076
290;Ranjit Varkey Chudukatil;2013-05-30;62461,8471
286;Lynn Tsoflias;2013-08-30;62318,394
NULL;Unknown;2014-03-26;62066,9893
NULL;Unknown;2013-08-12;61861,5924
NULL;Unknown;2013-11-03;61677,433
NULL;Unknown;2014-04-05;61611,4203
NULL;Unknown;2014-03-30;61475,4837
290;Ranjit Varkey Chudukatil;2014-03-01;61420,1126
287;Amy Alberts;2013-09-30;61377,6101
NULL;Unknown;2014-03-22;61299,8214
NULL;Unknown;2011-11-07;61276,7184
NULL;Unknown;2014-05-12;60834,3731
280;Pamela Ansman-Wolfe;2013-09-30;60715,3108
NULL;Unknown;2013-11-21;60675,3307
NULL;Unknown;2013-11-26;60616,898
NULL;Unknown;2014-01-04;60608,0364
290;Ranjit Varkey Chudukatil;2013-08-30;60562,8311
NULL;Unknown;2014-03-29;60369,7207
NULL;Unknown;2014-04-26;60350,5376
287;Amy Alberts;2014-01-29;60244,0493
NULL;Unknown;2014-04-16;59927,7761
NULL;Unknown;2013-11-27;59620,7519
NULL;Unknown;2013-10-27;59112,7613
NULL;Unknown;2014-03-02;58972,3487
NULL;Unknown;2013-12-27;58839,2518
NULL;Unknown;2013-12-26;58798,3553
NULL;Unknown;2013-12-06;58793,6593
NULL;Unknown;2014-02-17;58750,0225
NULL;Unknown;2014-02-27;58540,5036
NULL;Unknown;2013-10-09;58392,1352
NULL;Unknown;2014-03-09;58192,1967
287;Amy Alberts;2013-04-30;57836,0683
NULL;Unknown;2014-01-13;57776,3077
NULL;Unknown;2014-03-14;57601,1541
NULL;Unknown;2013-10-31;57406,5195
286;Lynn Tsoflias;2013-05-30;57247,1233
280;Pamela Ansman-Wolfe;2012-01-29;57157,62
NULL;Unknown;2013-11-23;57013,0949
NULL;Unknown;2014-02-28;56795,9186
NULL;Unknown;2014-02-20;56731,9279
NULL;Unknown;2013-11-02;56712,5576
NULL;Unknown;2014-03-25;56318,7911
NULL;Unknown;2013-12-14;56253,9607
NULL;Unknown;2014-03-20;56082,5307
NULL;Unknown;2014-04-09;55753,8153
274;Stephen Jiang;2012-04-30;55664,1342
NULL;Unknown;2013-10-26;55617,7679
NULL;Unknown;2014-02-05;55493,886
280;Pamela Ansman-Wolfe;2013-02-28;55388,0259
NULL;Unknown;2014-02-04;55272,853
NULL;Unknown;2014-03-10;55051,8196
NULL;Unknown;2013-11-15;54967,5747
NULL;Unknown;2013-12-07;54966,6911
NULL;Unknown;2014-05-04;54660,6054
NULL;Unknown;2014-01-01;54598,5488
NULL;Unknown;2013-10-02;54234,9486
NULL;Unknown;2014-01-03;54042,1259
NULL;Unknown;2013-12-10;53925,0844
NULL;Unknown;2014-05-23;53914,9185
NULL;Unknown;2014-03-15;53670,1613
NULL;Unknown;2014-03-12;53550,1803
NULL;Unknown;2013-12-09;53508,8974
NULL;Unknown;2014-01-09;53495,98
NULL;Unknown;2013-11-25;53469,6036
NULL;Unknown;2014-05-30;53454,7405
NULL;Unknown;2014-02-21;53446,5313
NULL;Unknown;2014-03-16;53245,6088
280;Pamela Ansman-Wolfe;2012-10-30;53211,507
282;José Saraiva;2013-02-28;53064,8826
NULL;Unknown;2014-03-08;53035,891
NULL;Unknown;2014-01-28;52894,7379
NULL;Unknown;2014-04-17;52698,0149
277;Jillian Carson;2011-05-31;52586,674
NULL;Unknown;2014-01-05;52463,2138
NULL;Unknown;2013-11-06;52419,0028
NULL;Unknown;2014-02-07;52246,0703
NULL;Unknown;2014-04-25;52075,2154
NULL;Unknown;2013-11-07;51612,6175
NULL;Unknown;2013-08-19;51571,9978
NULL;Unknown;2013-12-11;51510,2393
NULL;Unknown;2013-10-08;51441,5195
NULL;Unknown;2013-12-02;51403,5848
NULL;Unknown;2014-02-14;51165,5455
NULL;Unknown;2013-06-27;51122,947
NULL;Unknown;2013-06-22;51107,8971
NULL;Unknown;2012-03-14;50980,2254
NULL;Unknown;2014-02-08;50721,1923
NULL;Unknown;2014-04-29;50576,769
NULL;Unknown;2014-01-22;50501,5516
NULL;Unknown;2013-09-16;50443,3511
NULL;Unknown;2013-10-28;50422,3783
NULL;Unknown;2014-01-26;50400,4332
NULL;Unknown;2014-02-25;50343,5143
NULL;Unknown;2013-09-06;50257,6228
NULL;Unknown;2014-04-12;50209,268
NULL;Unknown;2014-03-17;50051,6285
NULL;Unknown;2013-12-13;50013,2187
NULL;Unknown;2014-03-21;49945,4928
NULL;Unknown;2014-03-07;49926,7968
NULL;Unknown;2013-09-04;49693,034
NULL;Unknown;2014-02-18;49633,5078
NULL;Unknown;2013-09-24;49376,8491
NULL;Unknown;2013-12-25;49372,6392
NULL;Unknown;2014-05-01;49339,0247
NULL;Unknown;2014-01-20;49017,039
NULL;Unknown;2012-05-22;48922,124
274;Stephen Jiang;2013-02-28;48764,0347
287;Amy Alberts;2013-03-30;48618,2545
NULL;Unknown;2013-07-17;48422,3499
NULL;Unknown;2013-12-15;48403,6868
NULL;Unknown;2014-02-23;48292,7445
NULL;Unknown;2013-10-18;48079,568
NULL;Unknown;2013-12-29;48061,0485
NULL;Unknown;2013-06-02;47985,4323
NULL;Unknown;2013-09-20;47875,2093
NULL;Unknown;2013-06-09;47830,7434
NULL;Unknown;2013-11-22;47804,7325
NULL;Unknown;2014-01-21;47723,5811
NULL;Unknown;2013-12-21;47576,4391
NULL;Unknown;2013-06-18;47522,8017
287;Amy Alberts;2013-12-31;47308,4769
NULL;Unknown;2013-10-25;47293,2718
NULL;Unknown;2011-09-11;47026,237
278;Garrett Vargas;2011-08-01;46954,6224
NULL;Unknown;2012-02-21;46801,6126
NULL;Unknown;2014-01-08;46630,1504
274;Stephen Jiang;2014-03-01;46525,3068
NULL;Unknown;2013-12-01;46458,0691
NULL;Unknown;2014-03-11;46252,2411
280;Pamela Ansman-Wolfe;2011-12-01;46242,0376
NULL;Unknown;2013-10-14;46232,085
NULL;Unknown;2014-01-18;46222,3947
NULL;Unknown;2013-12-12;46160,6137
290;Ranjit Varkey Chudukatil;2013-11-30;45897,1037
NULL;Unknown;2013-10-16;45853,656
NULL;Unknown;2013-08-21;45828,6386
NULL;Unknown;2014-01-12;45632,9213
NULL;Unknown;2011-11-18;45389,7594
NULL;Unknown;2013-07-07;45360,3735
NULL;Unknown;2013-12-28;45180,4127
NULL;Unknown;2013-09-03;45079,6253
NULL;Unknown;2014-02-11;44808,2045
NULL;Unknown;2014-01-30;44795,464
NULL;Unknown;2012-05-18;44589,6308
NULL;Unknown;2012-03-29;44392,6314
NULL;Unknown;2012-01-11;44266,376
NULL;Unknown;2012-04-11;44223,257
278;Garrett Vargas;2012-02-29;44110,1348
NULL;Unknown;2012-05-01;44069,3766
NULL;Unknown;2012-01-26;44041,7516
NULL;Unknown;2013-08-02;44006,2174
NULL;Unknown;2013-07-06;44003,2011
NULL;Unknown;2013-12-03;43949,9728
NULL;Unknown;2013-08-01;43947,0669
NULL;Unknown;2011-11-14;43844,7522
NULL;Unknown;2013-09-09;43822,6325
NULL;Unknown;2013-08-08;43769,8908
NULL;Unknown;2013-09-17;43484,0936
NULL;Unknown;2013-10-06;43430,5015
NULL;Unknown;2013-10-17;43426,7112
NULL;Unknown;2013-09-07;43151,8206
NULL;Unknown;2012-04-02;43072,2486
NULL;Unknown;2012-03-28;43072,2486
NULL;Unknown;2013-07-11;43071,6639
NULL;Unknown;2013-08-11;43018,2039
NULL;Unknown;2013-10-05;42832,6413
NULL;Unknown;2013-12-04;42793,7451
274;Stephen Jiang;2014-05-01;42546,9235
NULL;Unknown;2013-07-23;42425,8357
NULL;Unknown;2011-06-21;42256,626
NULL;Unknown;2013-10-15;42203,4434
NULL;Unknown;2011-11-12;42201,376
NULL;Unknown;2013-08-26;42179,1333
NULL;Unknown;2013-09-21;42074,755
NULL;Unknown;2014-01-10;42022,8305
NULL;Unknown;2013-10-20;42018,179
NULL;Unknown;2013-10-01;42015,8804
NULL;Unknown;2013-10-22;41990,8412
NULL;Unknown;2013-08-31;41861,2582
NULL;Unknown;2013-12-22;41739,4646
NULL;Unknown;2013-12-20;41700,5795
NULL;Unknown;2014-01-15;41594,4332
282;José Saraiva;2012-11-30;41409,127
NULL;Unknown;2013-08-04;41349,8854
NULL;Unknown;2013-09-13;41303,0672
NULL;Unknown;2013-09-10;41124,0795
NULL;Unknown;2013-09-12;41111,4268
NULL;Unknown;2012-03-30;41084,8912
NULL;Unknown;2013-06-24;41076,4859
NULL;Unknown;2014-02-12;40985,8215
NULL;Unknown;2013-10-11;40739,8816
NULL;Unknown;2013-11-14;40656,3436
NULL;Unknown;2012-03-11;40635,6424
NULL;Unknown;2013-09-15;40634,2878
NULL;Unknown;2013-08-22;40576,9491
NULL;Unknown;2013-07-08;40335,2529
NULL;Unknown;2014-02-19;40317,5399
NULL;Unknown;2011-11-10;40312,3876
NULL;Unknown;2013-12-30;40229,0732
NULL;Unknown;2013-08-13;40129,9551
NULL;Unknown;2014-01-31;40057,0358
284;Tete Mensa-Annan;2013-04-30;39964,6802
NULL;Unknown;2013-10-12;39940,4586
278;Garrett Vargas;2011-08-31;39938,5347
NULL;Unknown;2013-10-13;39873,6391
287;Amy Alberts;2013-07-31;39865,5756
NULL;Unknown;2013-09-28;39856,8762
NULL;Unknown;2013-09-29;39825,8587
NULL;Unknown;2013-08-07;39810,6211
NULL;Unknown;2014-02-01;39802,3445
NULL;Unknown;2013-09-26;39714,5853
NULL;Unknown;2011-08-02;39539,884
NULL;Unknown;2011-08-30;39539,884
NULL;Unknown;2013-12-05;39293,3706
NULL;Unknown;2014-05-02;39223,1146
NULL;Unknown;2014-01-25;39212,7714
NULL;Unknown;2012-01-22;39118,2602
NULL;Unknown;2011-11-02;39118,2602
NULL;Unknown;2012-01-10;39118,2602
NULL;Unknown;2013-12-08;39055,066
NULL;Unknown;2013-10-24;38839,4804
290;Ranjit Varkey Chudukatil;2012-11-30;38825,0564
280;Pamela Ansman-Wolfe;2013-01-28;38780,5648
NULL;Unknown;2013-12-18;38633,3869
NULL;Unknown;2013-07-02;38628,9449
284;Tete Mensa-Annan;2012-10-30;38628,7587
NULL;Unknown;2013-06-01;38471,0175
NULL;Unknown;2013-08-05;38390,4968
281;Shu Ito;2011-07-01;38387,5312
NULL;Unknown;2013-11-20;38328,3514
NULL;Unknown;2014-04-01;38172,1712
NULL;Unknown;2013-09-11;37923,314
NULL;Unknown;2013-09-19;37913,579
NULL;Unknown;2013-09-02;37849,2234
NULL;Unknown;2014-02-22;37659,1859
NULL;Unknown;2013-07-24;37655,2636
274;Stephen Jiang;2012-02-29;37625,4303
NULL;Unknown;2013-10-29;37557,2386
NULL;Unknown;2012-05-11;37481,7826
NULL;Unknown;2013-07-28;37427,5226
NULL;Unknown;2014-01-11;36990,5283
NULL;Unknown;2013-12-24;36977,644
NULL;Unknown;2013-07-25;36957,6322
280;Pamela Ansman-Wolfe;2013-12-31;36926,2702
278;Garrett Vargas;2011-10-31;36896,2584
NULL;Unknown;2011-09-07;36736,904
NULL;Unknown;2012-03-19;36681,654
NULL;Unknown;2013-02-08;36565,1512
NULL;Unknown;2013-02-01;36526,5388
NULL;Unknown;2013-06-29;36266,7635
280;Pamela Ansman-Wolfe;2013-04-30;36241,7955
NULL;Unknown;2012-03-22;36161,3998
NULL;Unknown;2013-06-05;36142,8376
NULL;Unknown;2013-06-07;36112,9918
NULL;Unknown;2014-02-26;36053,3228
NULL;Unknown;2013-07-18;35948,8335
NULL;Unknown;2012-04-06;35936,7754
NULL;Unknown;2013-10-04;35887,0421
NULL;Unknown;2012-02-10;35487,5266
NULL;Unknown;2013-08-17;35461,054
NULL;Unknown;2012-11-10;35415,8156
NULL;Unknown;2012-04-10;35361,2712
NULL;Unknown;2012-03-26;35361,2712
NULL;Unknown;2012-05-26;35361,2712
NULL;Unknown;2013-08-09;35197,2675
NULL;Unknown;2012-02-17;35191,8968
NULL;Unknown;2012-03-16;35191,8968
285;Syed Abbas;2013-10-30;35061,5904
NULL;Unknown;2013-08-14;34996,003
NULL;Unknown;2011-12-14;34994,8974
NULL;Unknown;2011-12-22;34967,2724
NULL;Unknown;2012-04-15;34967,2724
NULL;Unknown;2013-07-05;34963,3502
NULL;Unknown;2011-12-11;34939,6474
NULL;Unknown;2013-09-25;34622,7558
NULL;Unknown;2013-08-24;34582,6998
NULL;Unknown;2013-05-07;34520,8029
NULL;Unknown;2013-09-01;34368,9599
NULL;Unknown;2013-08-06;34218,4258
284;Tete Mensa-Annan;2013-01-28;34170,1889
NULL;Unknown;2013-07-29;34129,5727
NULL;Unknown;2013-01-03;34090,4269
NULL;Unknown;2013-06-13;34025,2378
NULL;Unknown;2013-07-16;33954,0544
NULL;Unknown;2013-12-16;33752,6348
NULL;Unknown;2012-04-14;33500,1692
287;Amy Alberts;2012-12-31;33395,968
NULL;Unknown;2013-08-29;33327,188
NULL;Unknown;2011-09-26;33176,9144
NULL;Unknown;2013-02-14;33083,1409
NULL;Unknown;2014-02-03;33019,6226
NULL;Unknown;2013-06-11;32857,33
NULL;Unknown;2013-07-27;32748,7205
NULL;Unknown;2012-02-12;32727,6656
NULL;Unknown;2012-11-01;32719,3846
NULL;Unknown;2013-06-03;32549,1568
NULL;Unknown;2013-03-12;32489,5817
NULL;Unknown;2013-06-15;32411,9265
NULL;Unknown;2013-12-17;32405,3863
NULL;Unknown;2012-01-24;32404,4108
NULL;Unknown;2013-06-20;32322,4991
NULL;Unknown;2012-02-03;32207,4114
NULL;Unknown;2012-05-20;32179,7864
NULL;Unknown;2012-03-02;32179,7864
NULL;Unknown;2011-09-08;32179,7864
NULL;Unknown;2011-07-24;32010,412
NULL;Unknown;2014-03-05;31995,1439
NULL;Unknown;2012-04-23;31982,787
NULL;Unknown;2013-01-24;31974,8335
NULL;Unknown;2012-02-04;31785,7876
NULL;Unknown;2011-10-14;31758,1626
NULL;Unknown;2011-11-19;31730,5376
NULL;Unknown;2012-11-05;31704,9802
NULL;Unknown;2013-08-25;31655,0691
NULL;Unknown;2011-10-08;31631,9072
NULL;Unknown;2012-02-25;31631,9072
NULL;Unknown;2014-01-24;31616,6261
NULL;Unknown;2013-10-03;31466,5784
NULL;Unknown;2013-11-08;31450,5776
NULL;Unknown;2012-04-16;31434,9078
NULL;Unknown;2011-09-17;31434,9078
NULL;Unknown;2012-05-07;31407,2828
NULL;Unknown;2012-11-17;31392,4999
NULL;Unknown;2012-06-01;31382,0014
NULL;Unknown;2013-05-26;31377,0636
NULL;Unknown;2013-10-07;31371,194
278;Garrett Vargas;2011-12-01;31214,6664
NULL;Unknown;2012-05-28;31182,6584
NULL;Unknown;2011-11-28;31182,6584
NULL;Unknown;2011-12-03;30985,659
NULL;Unknown;2011-06-26;30985,659
NULL;Unknown;2011-09-10;30958,034
NULL;Unknown;2011-07-21;30958,034
NULL;Unknown;2014-02-13;30922,3218
NULL;Unknown;2013-03-23;30911,1209
NULL;Unknown;2013-06-21;30906,4415
NULL;Unknown;2013-08-03;30803,1251
NULL;Unknown;2013-09-27;30733,8194
NULL;Unknown;2011-10-13;30619,2852
NULL;Unknown;2013-09-08;30601,7611
NULL;Unknown;2013-09-23;30480,1443
NULL;Unknown;2012-05-17;30346,3094
NULL;Unknown;2013-09-30;30268,5701
NULL;Unknown;2013-06-06;30243,121
NULL;Unknown;2013-07-12;29995,9777
NULL;Unknown;2011-12-30;29995,4296
NULL;Unknown;2011-08-27;29995,4296
NULL;Unknown;2013-06-12;29993,8329
NULL;Unknown;2013-04-28;29920,4362
NULL;Unknown;2011-11-27;29798,4302
NULL;Unknown;2011-11-20;29798,4302
NULL;Unknown;2013-10-19;29797,6518
NULL;Unknown;2013-09-14;29635,924
280;Pamela Ansman-Wolfe;2012-02-29;29299,5826
NULL;Unknown;2013-04-29;29234,1252
NULL;Unknown;2011-10-07;29222,926
NULL;Unknown;2013-11-30;29165,5921
NULL;Unknown;2012-07-12;29162,1402
NULL;Unknown;2013-03-01;29103,5812
NULL;Unknown;2012-02-23;29025,9266
NULL;Unknown;2013-04-22;28879,5653
NULL;Unknown;2012-03-06;28773,6772
NULL;Unknown;2012-11-12;28685,9979
NULL;Unknown;2013-04-06;28613,4916
NULL;Unknown;2013-03-16;28469,4348
NULL;Unknown;2011-11-22;28450,4224
NULL;Unknown;2012-02-14;28434,9284
NULL;Unknown;2013-08-23;28313,2063
NULL;Unknown;2013-04-30;28256,4421
NULL;Unknown;2011-06-18;28253,423
NULL;Unknown;2011-08-19;28253,423
NULL;Unknown;2011-12-24;28253,423
NULL;Unknown;2011-11-25;28225,798
NULL;Unknown;2012-02-01;28225,798
NULL;Unknown;2011-11-01;28225,798
NULL;Unknown;2013-09-05;28098,9801
NULL;Unknown;2013-08-16;28095,2669
NULL;Unknown;2011-07-06;28056,4236
NULL;Unknown;2011-12-17;28028,7986
NULL;Unknown;2011-12-08;28028,7986
NULL;Unknown;2012-05-09;28028,7986
NULL;Unknown;2013-07-30;27994,2482
NULL;Unknown;2012-06-15;27841,5607
NULL;Unknown;2011-09-04;27831,7992
NULL;Unknown;2012-05-06;27831,7992
NULL;Unknown;2013-05-14;27777,3723
NULL;Unknown;2013-05-31;27713,7981
NULL;Unknown;2011-06-13;27677,9188
NULL;Unknown;2011-12-12;27677,9188
NULL;Unknown;2013-04-04;27600,2418
280;Pamela Ansman-Wolfe;2011-05-31;27510,4109
NULL;Unknown;2012-11-09;27463,432
NULL;Unknown;2012-01-03;27453,2944
NULL;Unknown;2011-10-16;27453,2944
NULL;Unknown;2012-11-18;27414,1018
NULL;Unknown;2013-01-16;27396,6837
NULL;Unknown;2013-07-15;27314,3637
NULL;Unknown;2011-07-26;27283,92
NULL;Unknown;2011-07-30;27283,92
NULL;Unknown;2011-12-21;27283,92
NULL;Unknown;2013-02-24;27273,4868
NULL;Unknown;2012-05-05;27256,295
NULL;Unknown;2011-12-16;27256,295
NULL;Unknown;2012-01-13;27256,295
NULL;Unknown;2012-05-25;27228,67
NULL;Unknown;2012-03-03;27228,67
NULL;Unknown;2012-04-21;27228,67
NULL;Unknown;2011-10-24;27228,67
NULL;Unknown;2013-05-20;27091,5795
NULL;Unknown;2011-11-29;27059,2956
NULL;Unknown;2013-06-23;27058,1022
NULL;Unknown;2013-05-09;27049,3125
NULL;Unknown;2014-03-13;27044,4233
NULL;Unknown;2011-08-09;27031,6706
NULL;Unknown;2013-02-04;27024,6474
NULL;Unknown;2013-01-17;27005,7403
NULL;Unknown;2012-03-15;26862,2962
NULL;Unknown;2012-07-05;26722,5575
NULL;Unknown;2013-06-14;26687,6508
NULL;Unknown;2012-01-06;26616,9454
NULL;Unknown;2012-09-11;26598,228
NULL;Unknown;2013-03-10;26594,7572
NULL;Unknown;2013-08-30;26448,9387
NULL;Unknown;2013-05-30;26400,804
NULL;Unknown;2011-09-28;26392,321
NULL;Unknown;2013-07-22;26264,3483
NULL;Unknown;2013-03-07;26211,5756
NULL;Unknown;2012-07-18;26076,1042
NULL;Unknown;2013-08-20;26059,3156
NULL;Unknown;2013-05-18;26039,7173
NULL;Unknown;2013-07-10;25903,3889
NULL;Unknown;2012-09-28;25828,3974
NULL;Unknown;2012-01-31;25816,8168
NULL;Unknown;2013-03-24;25767,3454
NULL;Unknown;2012-07-30;25757,3547
NULL;Unknown;2013-07-03;25732,0699
NULL;Unknown;2012-07-06;25668,5919
NULL;Unknown;2012-11-27;25413,6381
NULL;Unknown;2012-04-04;25395,193
NULL;Unknown;2012-06-11;25325,1773
NULL;Unknown;2012-02-15;25268,9376
NULL;Unknown;2012-01-14;25268,9376
NULL;Unknown;2013-08-28;25251,4498
NULL;Unknown;2013-07-19;25247,593
NULL;Unknown;2012-04-22;25225,8186
NULL;Unknown;2013-06-10;25155,9773
NULL;Unknown;2013-01-05;24974,5191
NULL;Unknown;2012-07-14;24914,7124
NULL;Unknown;2012-11-22;24881,7673
NULL;Unknown;2013-03-17;24867,4856
NULL;Unknown;2012-06-04;24819,9568
NULL;Unknown;2013-06-30;24801,4831
NULL;Unknown;2013-07-13;24702,2101
NULL;Unknown;2013-08-27;24676,9386
NULL;Unknown;2012-03-24;24650,3144
NULL;Unknown;2011-08-21;24650,3144
NULL;Unknown;2013-09-18;24643,3467
283;David Campbell;2012-04-30;24642,1594
NULL;Unknown;2013-08-15;24552,858
NULL;Unknown;2013-07-20;24540,2059
NULL;Unknown;2012-11-11;24500,2585
NULL;Unknown;2013-07-31;24497,7628
NULL;Unknown;2012-03-17;24496,434
NULL;Unknown;2011-11-21;24496,434
NULL;Unknown;2011-08-23;24496,434
NULL;Unknown;2011-08-06;24496,434
NULL;Unknown;2011-11-30;24496,434
NULL;Unknown;2012-04-13;24496,434
NULL;Unknown;2013-05-01;24418,3176
NULL;Unknown;2013-03-30;24398,4065
NULL;Unknown;2013-08-10;24327,1725
NULL;Unknown;2012-01-30;24299,4346
NULL;Unknown;2012-05-23;24299,4346
NULL;Unknown;2011-10-05;24299,4346
NULL;Unknown;2011-09-29;24299,4346
NULL;Unknown;2012-04-28;24271,8096
NULL;Unknown;2011-11-15;24271,8096
NULL;Unknown;2012-06-12;24245,6974
NULL;Unknown;2012-07-19;24188,1196
NULL;Unknown;2013-03-31;24167,2273
NULL;Unknown;2012-05-03;24074,8102
NULL;Unknown;2012-05-19;24074,8102
NULL;Unknown;2013-06-08;24074,6574
NULL;Unknown;2011-10-10;24047,1852
NULL;Unknown;2011-12-31;24047,1852
NULL;Unknown;2013-04-10;23962,9421
NULL;Unknown;2013-06-26;23945,8034
NULL;Unknown;2011-10-28;23905,4358
278;Garrett Vargas;2012-04-30;23866,9378
NULL;Unknown;2013-04-21;23824,3309
NULL;Unknown;2013-05-27;23821,3231
NULL;Unknown;2013-01-21;23736,5169
NULL;Unknown;2011-10-11;23723,9304
NULL;Unknown;2011-08-22;23723,9304
NULL;Unknown;2011-11-17;23723,9304
NULL;Unknown;2012-01-15;23723,9304
NULL;Unknown;2011-12-20;23723,9304
NULL;Unknown;2011-07-12;23723,9304
NULL;Unknown;2011-09-19;23723,9304
NULL;Unknown;2012-09-17;23630,2453
NULL;Unknown;2011-12-15;23625,5614
NULL;Unknown;2012-12-22;23600,1346
NULL;Unknown;2013-04-01;23543,7114
NULL;Unknown;2012-04-18;23526,931
NULL;Unknown;2011-11-06;23526,931
NULL;Unknown;2011-07-20;23499,306
NULL;Unknown;2011-12-06;23499,306
NULL;Unknown;2012-04-20;23499,306
NULL;Unknown;2012-04-07;23499,306
NULL;Unknown;2012-04-19;23499,306
NULL;Unknown;2012-02-26;23499,306
NULL;Unknown;2011-07-18;23499,306
NULL;Unknown;2013-06-28;23476,4436
NULL;Unknown;2013-05-11;23440,6345
NULL;Unknown;2012-11-21;23415,1492
NULL;Unknown;2012-06-03;23400,8675
NULL;Unknown;2011-10-21;23329,9316
NULL;Unknown;2011-08-04;23329,9316
NULL;Unknown;2011-07-15;23329,9316
NULL;Unknown;2012-01-07;23302,3066
NULL;Unknown;2011-07-10;23302,3066
NULL;Unknown;2012-10-10;23300,8687
NULL;Unknown;2012-04-12;23274,6816
NULL;Unknown;2011-11-04;23274,6816
NULL;Unknown;2012-06-19;23135,923
NULL;Unknown;2013-02-26;23132,7866
274;Stephen Jiang;2011-07-01;23130,2957
NULL;Unknown;2011-06-08;23105,3072
NULL;Unknown;2012-02-08;23077,6822
NULL;Unknown;2012-02-19;23077,6822
NULL;Unknown;2012-03-10;23077,6822
NULL;Unknown;2012-01-05;23077,6822
NULL;Unknown;2012-12-12;23052,2131
NULL;Unknown;2011-07-31;23050,0572
NULL;Unknown;2012-07-25;23023,257
NULL;Unknown;2013-02-27;22989,8844
NULL;Unknown;2011-10-01;22908,3078
NULL;Unknown;2013-05-05;22886,7492
NULL;Unknown;2013-04-03;22822,7446
NULL;Unknown;2012-07-24;22671,6531
NULL;Unknown;2013-01-08;22642,999
NULL;Unknown;2013-04-20;22637,7592
NULL;Unknown;2012-11-26;22501,4352
NULL;Unknown;2013-01-12;22497,4786
NULL;Unknown;2013-05-10;22481,5241
NULL;Unknown;2012-12-25;22432,1939
NULL;Unknown;2013-01-20;22417,8539
NULL;Unknown;2012-07-21;22410,9996
NULL;Unknown;2013-04-26;22352,5692
NULL;Unknown;2012-11-03;22274,6173
NULL;Unknown;2012-07-23;22260,3356
NULL;Unknown;2013-06-25;22169,8805
NULL;Unknown;2012-12-15;22163,2928
NULL;Unknown;2012-10-30;22142,0985
NULL;Unknown;2012-07-11;22124,346
NULL;Unknown;2013-02-15;21988,2981
NULL;Unknown;2012-11-20;21916,921
NULL;Unknown;2012-11-16;21875,1722
NULL;Unknown;2011-06-27;21862,8284
NULL;Unknown;2011-07-29;21862,8284
NULL;Unknown;2012-06-29;21859,7359
NULL;Unknown;2012-06-09;21845,0615
NULL;Unknown;2013-01-29;21776,9748
NULL;Unknown;2012-12-01;21772,3494
NULL;Unknown;2013-04-24;21753,1299
NULL;Unknown;2013-01-23;21727,6446
NULL;Unknown;2013-01-01;21684,4068
NULL;Unknown;2013-03-26;21658,4033
NULL;Unknown;2013-05-29;21610,2277
NULL;Unknown;2013-05-23;21484,2288
NULL;Unknown;2013-03-03;21409,4133
NULL;Unknown;2012-06-18;21398,6024
NULL;Unknown;2012-08-25;21396,4148
NULL;Unknown;2013-04-09;21332,616
NULL;Unknown;2013-05-12;21322,7539
NULL;Unknown;2011-10-12;21314,9492
NULL;Unknown;2013-01-18;21130,5215
NULL;Unknown;2013-03-08;21127,3851
NULL;Unknown;2012-09-19;21127,3851
NULL;Unknown;2011-11-24;21090,3248
NULL;Unknown;2013-02-28;21032,3241
NULL;Unknown;2012-07-20;21012,2844
NULL;Unknown;2012-07-03;20917,5288
NULL;Unknown;2012-06-25;20913,2378
NULL;Unknown;2012-11-06;20833,8189
NULL;Unknown;2013-03-06;20808,8194
NULL;Unknown;2012-08-07;20725,2964
NULL;Unknown;2012-07-26;20645,6717
NULL;Unknown;2012-08-17;20628,2536
274;Stephen Jiang;2012-01-29;20614,2427
NULL;Unknown;2012-12-03;20585,0158
NULL;Unknown;2013-01-11;20549,7835
NULL;Unknown;2013-01-13;20547,6801
NULL;Unknown;2013-01-14;20544,2093
NULL;Unknown;2011-10-19;20542,4456
NULL;Unknown;2011-10-26;20542,4456
NULL;Unknown;2012-02-06;20542,4456
NULL;Unknown;2012-05-16;20542,4456
NULL;Unknown;2012-04-24;20542,4456
NULL;Unknown;2012-01-01;20542,4456
NULL;Unknown;2012-01-02;20542,4456
NULL;Unknown;2011-12-19;20542,4456
NULL;Unknown;2012-01-19;20542,4456
NULL;Unknown;2011-10-30;20542,4456
NULL;Unknown;2013-02-13;20432,8848
NULL;Unknown;2012-08-12;20401,3071
NULL;Unknown;2013-10-10;20378,6207
NULL;Unknown;2012-05-04;20345,4462
NULL;Unknown;2011-10-04;20345,4462
NULL;Unknown;2012-01-29;20317,8212
NULL;Unknown;2012-09-22;20192,6054
NULL;Unknown;2013-04-25;20186,513
NULL;Unknown;2012-11-15;20185,6928
NULL;Unknown;2012-07-16;20163,6493
NULL;Unknown;2011-09-12;20148,4468
NULL;Unknown;2012-05-29;20148,4468
NULL;Unknown;2012-07-13;20139,3186
NULL;Unknown;2011-09-15;20093,1968
NULL;Unknown;2012-12-08;20046,5668
NULL;Unknown;2012-12-31;20042,2758
NULL;Unknown;2012-06-05;19976,0423
NULL;Unknown;2013-09-22;19885,6475
NULL;Unknown;2012-09-10;19797,8858
NULL;Unknown;2011-07-01;19769,942
NULL;Unknown;2011-08-18;19769,942
NULL;Unknown;2011-07-11;19769,942
NULL;Unknown;2012-03-31;19769,942
NULL;Unknown;2011-11-05;19769,942
NULL;Unknown;2011-08-14;19769,942
NULL;Unknown;2011-10-29;19769,942
NULL;Unknown;2011-09-09;19769,942
NULL;Unknown;2012-03-08;19769,942
NULL;Unknown;2012-01-23;19769,942
NULL;Unknown;2012-02-13;19769,942
NULL;Unknown;2011-12-09;19769,942
NULL;Unknown;2012-10-23;19634,0947
NULL;Unknown;2013-06-17;19603,2307
NULL;Unknown;2013-04-19;19585,0989
NULL;Unknown;2012-05-24;19572,9426
NULL;Unknown;2012-05-10;19572,9426
NULL;Unknown;2011-11-08;19572,9426
NULL;Unknown;2011-12-04;19572,9426
NULL;Unknown;2012-05-21;19572,9426
NULL;Unknown;2011-07-22;19545,3176
NULL;Unknown;2011-11-13;19545,3176
NULL;Unknown;2012-03-04;19545,3176
NULL;Unknown;2012-01-28;19545,3176
NULL;Unknown;2012-02-20;19545,3176
NULL;Unknown;2011-06-28;19545,3176
NULL;Unknown;2012-02-22;19545,3176
NULL;Unknown;2011-10-31;19545,3176
278;Garrett Vargas;2013-11-30;19444,7738
NULL;Unknown;2013-02-25;19394,1497
NULL;Unknown;2013-07-01;19386,8394
NULL;Unknown;2011-06-25;19375,9432
NULL;Unknown;2012-05-08;19375,9432
NULL;Unknown;2011-07-04;19375,9432
NULL;Unknown;2011-10-06;19348,3182
NULL;Unknown;2011-12-26;19348,3182
NULL;Unknown;2013-01-19;19320,1544
NULL;Unknown;2012-06-10;19306,2071
NULL;Unknown;2012-12-30;19302,7363
NULL;Unknown;2013-05-16;19268,0222
285;Syed Abbas;2014-03-31;19196,2416
NULL;Unknown;2013-05-06;19169,8248
NULL;Unknown;2012-06-28;19055,5443
NULL;Unknown;2013-05-13;19048,1169
NULL;Unknown;2013-01-07;19023,4518
278;Garrett Vargas;2013-05-30;19002,3236
NULL;Unknown;2013-03-29;18998,7867
NULL;Unknown;2011-07-19;18905,968
NULL;Unknown;2013-04-02;18862,7971
NULL;Unknown;2012-06-23;18793,5558
NULL;Unknown;2013-04-05;18695,2298
NULL;Unknown;2013-06-16;18634,9081
NULL;Unknown;2012-08-09;18625,9885
NULL;Unknown;2013-01-04;18602,478
NULL;Unknown;2012-08-02;18579,6143
NULL;Unknown;2013-03-14;18499,9896
NULL;Unknown;2013-04-12;18412,8089
NULL;Unknown;2012-12-21;18352,6678
NULL;Unknown;2013-02-10;18333,2425
NULL;Unknown;2013-07-21;18323,8514
NULL;Unknown;2012-07-27;18318,1406
NULL;Unknown;2013-07-26;18301,8841
NULL;Unknown;2012-10-19;18236,1997
NULL;Unknown;2012-03-27;18133,4644
NULL;Unknown;2012-01-04;18133,4644
NULL;Unknown;2012-07-17;18119,301
NULL;Unknown;2012-08-13;18088,6721
NULL;Unknown;2013-03-04;18081,4505
NULL;Unknown;2012-06-02;18045,7687
NULL;Unknown;2013-05-19;18036,5399
NULL;Unknown;2013-04-18;18015,3456
NULL;Unknown;2012-06-30;17968,637
NULL;Unknown;2012-11-08;17767,1758
NULL;Unknown;2012-10-24;17760,7845
NULL;Unknown;2012-06-20;17742,2118
NULL;Unknown;2012-10-05;17731,8284
NULL;Unknown;2012-12-14;17677,689
NULL;Unknown;2012-07-07;17617,8823
NULL;Unknown;2013-03-27;17614,7459
NULL;Unknown;2013-01-06;17611,2751
NULL;Unknown;2012-08-08;17606,9841
NULL;Unknown;2012-07-04;17595,8388
NULL;Unknown;2012-11-25;17561,1247
NULL;Unknown;2013-04-13;17533,3232
NULL;Unknown;2012-11-28;17498,796
NULL;Unknown;2013-02-16;17453,3641
NULL;Unknown;2013-05-22;17439,4168
NULL;Unknown;2013-05-24;17414,7517
NULL;Unknown;2012-12-07;17385,2774
NULL;Unknown;2012-11-24;17370,9957
NULL;Unknown;2011-07-05;17360,9608
NULL;Unknown;2011-12-18;17360,9608
NULL;Unknown;2012-05-14;17360,9608
NULL;Unknown;2012-08-23;17345,5104
NULL;Unknown;2012-10-29;17296,1802
NULL;Unknown;2012-09-09;17209,5208
NULL;Unknown;2012-12-09;17191,8904
NULL;Unknown;2012-09-01;17184,8557
NULL;Unknown;2012-06-21;17160,1906
NULL;Unknown;2011-10-15;17136,3364
NULL;Unknown;2011-12-28;17136,3364
NULL;Unknown;2012-09-24;17100,8114
NULL;Unknown;2012-11-14;17045,5174
NULL;Unknown;2012-10-15;16985,1959
NULL;Unknown;2012-08-10;16985,1959
NULL;Unknown;2012-04-17;16939,337
NULL;Unknown;2013-04-27;16837,1501
NULL;Unknown;2012-07-29;16818,5774
NULL;Unknown;2012-12-19;16770,4018
NULL;Unknown;2012-06-17;16769,5816
NULL;Unknown;2011-08-16;16588,4572
NULL;Unknown;2011-09-18;16588,4572
NULL;Unknown;2011-06-22;16588,4572
NULL;Unknown;2011-06-04;16588,4572
NULL;Unknown;2011-08-26;16588,4572
NULL;Unknown;2011-08-07;16588,4572
NULL;Unknown;2011-06-30;16588,4572
NULL;Unknown;2012-01-20;16588,4572
NULL;Unknown;2011-06-02;16588,4572
NULL;Unknown;2011-09-22;16588,4572
NULL;Unknown;2011-11-23;16588,4572
NULL;Unknown;2011-09-27;16588,4572
NULL;Unknown;2013-01-09;16505,7917
NULL;Unknown;2013-05-17;16501,5007
NULL;Unknown;2013-02-09;16481,1266
NULL;Unknown;2012-02-09;16391,4578
NULL;Unknown;2011-10-20;16391,4578
NULL;Unknown;2011-11-03;16391,4578
NULL;Unknown;2011-12-27;16391,4578
NULL;Unknown;2012-03-05;16391,4578
NULL;Unknown;2012-05-27;16363,8328
NULL;Unknown;2012-04-26;16363,8328
NULL;Unknown;2012-03-09;16363,8328
NULL;Unknown;2012-04-25;16363,8328
NULL;Unknown;2012-07-08;16215,3619
NULL;Unknown;2012-03-20;16166,8334
NULL;Unknown;2012-04-05;16166,8334
NULL;Unknown;2012-12-06;16158,6043
NULL;Unknown;2012-10-31;16089,363
NULL;Unknown;2012-05-30;16019,9931
NULL;Unknown;2011-05-31;15997,459
NULL;Unknown;2011-06-29;15914,584
NULL;Unknown;2012-09-18;15848,1348
NULL;Unknown;2011-06-20;15815,9536
NULL;Unknown;2011-11-26;15815,9536
NULL;Unknown;2011-10-09;15815,9536
NULL;Unknown;2012-01-17;15815,9536
NULL;Unknown;2011-06-15;15815,9536
NULL;Unknown;2012-02-18;15815,9536
NULL;Unknown;2011-09-02;15815,9536
NULL;Unknown;2011-07-07;15815,9536
NULL;Unknown;2012-02-27;15815,9536
NULL;Unknown;2011-07-14;15815,9536
NULL;Unknown;2011-12-02;15815,9536
NULL;Unknown;2012-03-25;15815,9536
NULL;Unknown;2011-08-15;15815,9536
NULL;Unknown;2011-06-10;15815,9536
NULL;Unknown;2011-06-05;15815,9536
NULL;Unknown;2012-04-30;15815,9536
NULL;Unknown;2011-08-01;15815,9536
NULL;Unknown;2011-11-11;15815,9536
NULL;Unknown;2012-08-18;15754,2284
NULL;Unknown;2012-03-21;15618,9542
NULL;Unknown;2011-06-16;15618,9542
NULL;Unknown;2011-06-11;15618,9542
NULL;Unknown;2011-12-10;15591,3292
NULL;Unknown;2012-01-08;15591,3292
280;Pamela Ansman-Wolfe;2011-08-01;15582,1001
NULL;Unknown;2012-10-07;15468,7294
NULL;Unknown;2012-12-10;15444,0643
NULL;Unknown;2013-02-12;15422,87
NULL;Unknown;2012-05-13;15421,9548
NULL;Unknown;2011-08-17;15421,9548
NULL;Unknown;2011-10-03;15394,3298
NULL;Unknown;2011-06-01;15394,3298
NULL;Unknown;2012-03-12;15394,3298
NULL;Unknown;2012-04-09;15394,3298
NULL;Unknown;2012-02-28;15394,3298
NULL;Unknown;2013-03-15;15371,6866
NULL;Unknown;2011-07-09;15366,7048
NULL;Unknown;2012-02-05;15366,7048
NULL;Unknown;2012-09-06;15325,8272
NULL;Unknown;2013-03-19;15218,0666
NULL;Unknown;2012-10-09;15203,7849
NULL;Unknown;2012-12-23;15203,7849
NULL;Unknown;2013-05-08;15175,9834
NULL;Unknown;2012-10-26;15148,9508
NULL;Unknown;2013-03-13;15131,4072
NULL;Unknown;2012-09-14;15124,1602
278;Garrett Vargas;2013-08-30;15100,6505
NULL;Unknown;2012-07-01;15080,9224
NULL;Unknown;2012-08-29;15027,6356
NULL;Unknown;2012-12-02;14939,1748
NULL;Unknown;2013-04-17;14935,704
NULL;Unknown;2012-12-04;14914,5097
NULL;Unknown;2012-06-06;14895,937
NULL;Unknown;2012-12-28;14889,0244
NULL;Unknown;2012-12-11;14646,4288
NULL;Unknown;2013-04-15;14620,9435
NULL;Unknown;2013-05-28;14597,0986
NULL;Unknown;2012-08-30;14523,5663
NULL;Unknown;2012-09-16;14500,0558
NULL;Unknown;2013-02-07;14474,5705
NULL;Unknown;2013-05-03;14396,6186
NULL;Unknown;2013-02-03;14348,5716
NULL;Unknown;2012-12-17;14334,2899
NULL;Unknown;2012-08-28;14309,9592
287;Amy Alberts;2012-09-30;14238,7173
NULL;Unknown;2012-07-28;14171,0136
NULL;Unknown;2013-02-19;14167,5428
NULL;Unknown;2012-09-20;14166,7226
NULL;Unknown;2012-09-02;14142,3919
NULL;Unknown;2013-06-04;14116,7398
NULL;Unknown;2013-01-27;14112,5832
NULL;Unknown;2012-08-31;14063,253
NULL;Unknown;2012-06-27;14026,442
NULL;Unknown;2012-09-12;13953,7299
NULL;Unknown;2013-03-11;13947,9719
NULL;Unknown;2013-04-07;13845,3549
NULL;Unknown;2012-11-30;13751,4485
NULL;Unknown;2012-09-23;13727,6036
NULL;Unknown;2012-12-13;13634,8518
NULL;Unknown;2013-03-09;13610,1867
NULL;Unknown;2012-12-20;13609,3665
NULL;Unknown;2012-09-21;13462,9935
NULL;Unknown;2012-09-04;13462,9935
NULL;Unknown;2013-04-14;13434,3718
NULL;Unknown;2012-04-01;13406,9724
NULL;Unknown;2012-02-29;13406,9724
NULL;Unknown;2012-11-23;13291,1352
NULL;Unknown;2013-05-04;13218,4231
NULL;Unknown;2012-07-02;13207,6122
NULL;Unknown;2011-12-01;13182,348
NULL;Unknown;2011-07-13;13182,348
NULL;Unknown;2013-01-31;13155,1456
NULL;Unknown;2012-04-03;12985,3486
NULL;Unknown;2013-04-11;12949,522
NULL;Unknown;2012-06-14;12939,5313
NULL;Unknown;2013-05-25;12904,4828
NULL;Unknown;2012-11-04;12862,3996
NULL;Unknown;2012-08-01;12767,673
NULL;Unknown;2013-03-28;12718,6772
283;David Campbell;2012-07-31;12715,233
NULL;Unknown;2013-02-22;12713,5336
NULL;Unknown;2012-09-05;12694,9609
NULL;Unknown;2012-12-27;12652,8777
NULL;Unknown;2013-03-25;12635,5817
NULL;Unknown;2011-09-06;12634,4688
NULL;Unknown;2011-10-17;12634,4688
NULL;Unknown;2011-10-23;12634,4688
NULL;Unknown;2011-06-24;12634,4688
NULL;Unknown;2012-02-16;12634,4688
NULL;Unknown;2011-08-03;12634,4688
NULL;Unknown;2012-10-13;12509,9755
NULL;Unknown;2013-01-30;12503,8831
NULL;Unknown;2012-11-29;12499,5921
NULL;Unknown;2013-01-02;12489,2087
NULL;Unknown;2013-04-23;12450,5963
NULL;Unknown;2012-02-11;12437,4694
NULL;Unknown;2011-08-31;12437,4694
NULL;Unknown;2011-09-21;12437,4694
NULL;Unknown;2011-12-29;12437,4694
NULL;Unknown;2011-06-19;12437,4694
NULL;Unknown;2011-07-08;12437,4694
NULL;Unknown;2012-06-22;12432,0236
NULL;Unknown;2011-11-16;12409,8444
NULL;Unknown;2012-03-18;12409,8444
NULL;Unknown;2011-07-03;12409,8444
NULL;Unknown;2011-06-14;12409,8444
NULL;Unknown;2012-03-23;12409,8444
NULL;Unknown;2012-10-17;12405,6857
NULL;Unknown;2013-02-11;12388,2676
NULL;Unknown;2013-03-18;12259,3127
NULL;Unknown;2012-07-22;12220,7003
NULL;Unknown;2012-06-07;12217,2295
NULL;Unknown;2012-12-16;12207,1805
NULL;Unknown;2012-10-27;12094,367
NULL;Unknown;2012-09-15;12094,367
NULL;Unknown;2012-06-16;12088,609
NULL;Unknown;2012-10-28;12070,0363
NULL;Unknown;2012-08-20;12049,6622
NULL;Unknown;2012-09-13;11996,3754
NULL;Unknown;2012-09-30;11951,4648
NULL;Unknown;2012-09-26;11902,469
NULL;Unknown;2012-10-11;11902,469
NULL;Unknown;2011-08-25;11861,9652
NULL;Unknown;2011-09-13;11861,9652
NULL;Unknown;2011-09-20;11861,9652
NULL;Unknown;2012-03-07;11861,9652
NULL;Unknown;2012-02-24;11861,9652
NULL;Unknown;2012-01-27;11861,9652
NULL;Unknown;2011-07-02;11861,9652
NULL;Unknown;2011-06-23;11861,9652
NULL;Unknown;2011-08-24;11861,9652
NULL;Unknown;2011-08-05;11861,9652
NULL;Unknown;2011-12-23;11861,9652
NULL;Unknown;2011-08-10;11861,9652
NULL;Unknown;2012-01-09;11861,9652
NULL;Unknown;2012-02-02;11861,9652
NULL;Unknown;2011-08-08;11861,9652
NULL;Unknown;2011-10-02;11861,9652
NULL;Unknown;2013-06-19;11781,6205
NULL;Unknown;2013-07-04;11748,3169
NULL;Unknown;2011-06-09;11664,9658
NULL;Unknown;2012-03-01;11664,9658
NULL;Unknown;2011-10-18;11664,9658
NULL;Unknown;2011-09-01;11637,3408
NULL;Unknown;2011-10-25;11637,3408
NULL;Unknown;2011-07-23;11637,3408
NULL;Unknown;2012-01-12;11637,3408
NULL;Unknown;2011-09-16;11637,3408
NULL;Unknown;2012-10-02;11634,3881
NULL;Unknown;2012-08-03;11540,4817
283;David Campbell;2012-10-30;11530,7522
NULL;Unknown;2012-10-25;11418,7738
NULL;Unknown;2013-04-08;11345,1129
NULL;Unknown;2013-05-15;11340,8219
NULL;Unknown;2013-03-22;11226,5414
NULL;Unknown;2012-10-20;11169,7838
284;Tete Mensa-Annan;2012-11-30;11159,5226
NULL;Unknown;2012-09-27;11129,4986
NULL;Unknown;2013-01-25;11124,8732
NULL;Unknown;2013-01-28;11090,1591
NULL;Unknown;2012-11-07;10954,1695
NULL;Unknown;2012-06-08;10932,9752
NULL;Unknown;2012-08-19;10905,1737
NULL;Unknown;2013-02-02;10886,601
NULL;Unknown;2013-05-02;10874,5448
NULL;Unknown;2012-08-11;10811,2673
NULL;Unknown;2012-08-16;10747,9898
284;Tete Mensa-Annan;2013-02-28;10672,0251
NULL;Unknown;2012-06-24;10650,6126
NULL;Unknown;2012-06-26;10626,2819
NULL;Unknown;2012-07-15;10553,5698
NULL;Unknown;2013-02-06;10528,9047
NULL;Unknown;2012-12-18;10407,1968
NULL;Unknown;2012-11-13;10361,3374
NULL;Unknown;2012-08-24;10357,0464
278;Garrett Vargas;2011-05-31;10254,8552
NULL;Unknown;2013-07-09;10228,8533
NULL;Unknown;2012-01-25;10225,4876
NULL;Unknown;2012-12-29;10210,6734
NULL;Unknown;2013-02-05;10093,2565
NULL;Unknown;2013-05-21;10088,9655
NULL;Unknown;2012-08-05;9931,7816
NULL;Unknown;2013-07-14;9873,7615
NULL;Unknown;2012-10-12;9785,4086
NULL;Unknown;2012-08-14;9785,4086
NULL;Unknown;2012-10-16;9681,1188
NULL;Unknown;2012-10-01;9663,7007
NULL;Unknown;2012-08-04;9642,5064
NULL;Unknown;2013-02-18;9600,0305
NULL;Unknown;2013-02-21;9566,6579
NULL;Unknown;2012-08-22;9506,1241
NULL;Unknown;2012-09-08;9496,1334
NULL;Unknown;2011-12-07;9452,984
NULL;Unknown;2012-07-10;9394,4652
NULL;Unknown;2013-02-17;9370,1345
NULL;Unknown;2013-03-21;9341,1784
NULL;Unknown;2013-03-05;9296,4736
NULL;Unknown;2011-08-13;9228,3596
NULL;Unknown;2013-01-10;9228,0525
NULL;Unknown;2012-08-21;9202,5672
NULL;Unknown;2012-08-15;9129,8551
278;Garrett Vargas;2013-02-28;9111,7782
NULL;Unknown;2013-01-15;9106,3446
NULL;Unknown;2013-03-02;9056,1942
NULL;Unknown;2012-05-12;9031,3602
NULL;Unknown;2011-12-05;8680,4804
NULL;Unknown;2011-06-06;8680,4804
NULL;Unknown;2011-12-13;8680,4804
NULL;Unknown;2012-03-13;8680,4804
NULL;Unknown;2011-10-27;8680,4804
NULL;Unknown;2011-06-07;8680,4804
NULL;Unknown;2012-06-13;8675,6342
NULL;Unknown;2012-10-04;8522,3486
NULL;Unknown;2012-01-16;8483,481
NULL;Unknown;2012-04-08;8455,856
NULL;Unknown;2011-09-05;8455,856
NULL;Unknown;2012-04-29;8455,856
NULL;Unknown;2011-07-25;8455,856
NULL;Unknown;2012-05-02;8455,856
NULL;Unknown;2012-10-08;8264,6511
NULL;Unknown;2012-10-21;8264,6511
NULL;Unknown;2012-07-09;8190,9902
NULL;Unknown;2012-10-18;8069,2823
288;Rachel Valdez;2014-03-30;8057,0382
NULL;Unknown;2012-09-29;7946,4198
NULL;Unknown;2011-07-27;7907,9768
NULL;Unknown;2011-08-20;7907,9768
NULL;Unknown;2011-06-12;7907,9768
NULL;Unknown;2012-02-07;7907,9768
NULL;Unknown;2011-09-03;7907,9768
NULL;Unknown;2012-01-18;7907,9768
NULL;Unknown;2011-09-25;7907,9768
NULL;Unknown;2011-11-09;7907,9768
NULL;Unknown;2011-06-03;7907,9768
NULL;Unknown;2011-07-28;7907,9768
NULL;Unknown;2012-05-15;7907,9768
NULL;Unknown;2012-10-22;7775,7161
NULL;Unknown;2012-10-06;7775,7161
NULL;Unknown;2011-08-12;7710,9774
NULL;Unknown;2012-09-07;7688,7223
NULL;Unknown;2011-09-14;7683,3524
NULL;Unknown;2011-06-17;7683,3524
NULL;Unknown;2012-09-25;7521,155
NULL;Unknown;2013-02-20;7510,7716
NULL;Unknown;2011-09-30;7458,728
278;Garrett Vargas;2012-05-30;7276,9521
274;Stephen Jiang;2011-10-01;7140,5866
NULL;Unknown;2012-12-24;6959,5079
276;Linda Mitchell;2011-08-31;6708,6724
276;Linda Mitchell;2011-12-01;6639,7757
NULL;Unknown;2013-02-23;6283,5803
NULL;Unknown;2011-12-25;6271,4992
276;Linda Mitchell;2011-05-31;6167,1672
NULL;Unknown;2013-03-20;6111,722
NULL;Unknown;2013-01-26;5926,7366
274;Stephen Jiang;2013-03-30;5913,1963
NULL;Unknown;2012-10-14;5854,0245
NULL;Unknown;2012-12-26;5829,3594
NULL;Unknown;2012-11-19;5658,6557
NULL;Unknown;2012-09-03;5564,7493
NULL;Unknown;2012-08-26;5540,0842
278;Garrett Vargas;2014-03-01;5424,4933
NULL;Unknown;2013-04-16;5110,5284
NULL;Unknown;2012-12-05;4821,2532
283;David Campbell;2013-01-28;4778,6217
NULL;Unknown;2011-10-22;4726,492
NULL;Unknown;2011-08-28;4726,492
285;Syed Abbas;2014-05-01;4725,9504
285;Syed Abbas;2013-11-30;4434,0645
NULL;Unknown;2013-01-22;4430,3098
NULL;Unknown;2012-05-31;4381,314
276;Linda Mitchell;2012-02-29;4237,5277
NULL;Unknown;2012-11-02;4234,941
287;Amy Alberts;2013-05-30;4190,3125
274;Stephen Jiang;2012-05-30;4032,1579
NULL;Unknown;2011-07-17;3953,9884
NULL;Unknown;2012-04-27;3953,9884
NULL;Unknown;2011-09-24;3953,9884
NULL;Unknown;2012-01-21;3953,9884
NULL;Unknown;2012-08-06;3565,1058
278;Garrett Vargas;2012-08-30;3405,9142
285;Syed Abbas;2013-09-30;3221,3554
278;Garrett Vargas;2012-11-30;3212,0765
NULL;Unknown;2012-08-27;3154,1227
NULL;Unknown;2012-07-31;3154,1227
283;David Campbell;2013-04-30;3151,6785
274;Stephen Jiang;2012-09-30;3047,9964
NULL;Unknown;2014-06-30;2921,1901
NULL;Unknown;2014-06-07;2791,088
287;Amy Alberts;2014-02-28;2746,7906
NULL;Unknown;2012-10-03;2699,9018
274;Stephen Jiang;2011-08-01;2297,0332
NULL;Unknown;2014-06-18;2275,8919
274;Stephen Jiang;2013-08-30;2194,914
NULL;Unknown;2014-06-23;2141,4357
NULL;Unknown;2014-06-16;2130,3746
NULL;Unknown;2014-06-13;2110,5399
NULL;Unknown;2014-06-28;2041,444
NULL;Unknown;2014-05-31;2027,4438
NULL;Unknown;2014-06-21;2015,4322
NULL;Unknown;2014-06-19;2013,0566
NULL;Unknown;2014-06-25;2008,88
NULL;Unknown;2014-06-11;2008,8136
NULL;Unknown;2014-06-02;1985,4981
NULL;Unknown;2014-06-27;1931,1761
NULL;Unknown;2014-06-05;1894,6891
NULL;Unknown;2014-06-15;1793,6039
288;Rachel Valdez;2014-01-28;1740,0814
NULL;Unknown;2014-06-01;1673,2913
NULL;Unknown;2014-06-22;1663,9429
NULL;Unknown;2014-06-26;1660,6501
274;Stephen Jiang;2013-04-30;1650,7273
NULL;Unknown;2014-06-29;1632,7596
NULL;Unknown;2014-06-09;1624,9144
274;Stephen Jiang;2014-01-29;1592,5736
NULL;Unknown;2014-06-10;1572,5704
285;Syed Abbas;2013-12-31;1550,4952
NULL;Unknown;2014-06-14;1524,3486
NULL;Unknown;2014-06-17;1507,6625
NULL;Unknown;2014-06-24;1493,143
287;Amy Alberts;2013-01-28;1473,8636
NULL;Unknown;2014-06-06;1456,9545
NULL;Unknown;2014-06-03;1437,9702
288;Rachel Valdez;2014-04-30;1428,6113
NULL;Unknown;2014-06-04;1360,9299
NULL;Unknown;2014-06-20;1274,4858
NULL;Unknown;2014-06-08;1155,3888
287;Amy Alberts;2013-02-28;1090,097
NULL;Unknown;2014-06-12;1049,3527
288;Rachel Valdez;2014-02-28;850,1573
NULL;Unknown;2011-08-29;772,5036
287;Amy Alberts;2014-03-31;757,003
274;Stephen Jiang;2012-07-31;589,1238
287;Amy Alberts;2013-11-30;364,8172
287;Amy Alberts;2013-08-30;364,8172
